participant_id	session_id	site	scanner
sub-0	1	Utrecht	3 T Philips Achieva
sub-1	1	Utrecht	3 T Philips Achieva
sub-10	1	Utrecht	3 T Philips Achieva
sub-100	1	Amsterdam	3 T GE Signa HDxt
sub-101	1	Amsterdam	3 T GE Signa HDxt
sub-102	1	Amsterdam	3 T GE Signa HDxt
sub-103	1	Amsterdam	3 T GE Signa HDxt
sub-104	1	Amsterdam	3 T GE Signa HDxt
sub-105	1	Amsterdam	3 T GE Signa HDxt
sub-106	1	Amsterdam	3 T GE Signa HDxt
sub-107	1	Amsterdam	3 T GE Signa HDxt
sub-108	1	Amsterdam	3 T GE Signa HDxt
sub-109	1	Amsterdam	3 T GE Signa HDxt
sub-11	1	Utrecht	3 T Philips Achieva
sub-110	1	Amsterdam	3 T GE Signa HDxt
sub-111	1	Amsterdam	3 T GE Signa HDxt
sub-112	1	Amsterdam	3 T GE Signa HDxt
sub-113	1	Amsterdam	3 T GE Signa HDxt
sub-114	1	Amsterdam	3 T GE Signa HDxt
sub-115	1	Amsterdam	3 T GE Signa HDxt
sub-116	1	Amsterdam	3 T GE Signa HDxt
sub-117	1	Amsterdam	3 T GE Signa HDxt
sub-118	1	Amsterdam	3 T GE Signa HDxt
sub-119	1	Amsterdam	3 T GE Signa HDxt
sub-12	1	Utrecht	3 T Philips Achieva
sub-120	1	Amsterdam	3 T GE Signa HDxt
sub-121	1	Amsterdam	3 T GE Signa HDxt
sub-122	1	Amsterdam	3 T GE Signa HDxt
sub-123	1	Amsterdam	3 T GE Signa HDxt
sub-124	1	Amsterdam	3 T GE Signa HDxt
sub-125	1	Amsterdam	3 T GE Signa HDxt
sub-126	1	Amsterdam	3 T GE Signa HDxt
sub-127	1	Amsterdam	3 T GE Signa HDxt
sub-128	1	Amsterdam	3 T GE Signa HDxt
sub-129	1	Amsterdam	3 T GE Signa HDxt
sub-13	1	Utrecht	3 T Philips Achieva
sub-130	1	Amsterdam	3 T GE Signa HDxt
sub-131	1	Amsterdam	3 T GE Signa HDxt
sub-132	1	Amsterdam	3 T GE Signa HDxt
sub-133	1	Amsterdam	3 T GE Signa HDxt
sub-134	1	Amsterdam	3 T GE Signa HDxt
sub-135	1	Amsterdam	3 T GE Signa HDxt
sub-136	1	Amsterdam	3 T GE Signa HDxt
sub-137	1	Amsterdam	3 T GE Signa HDxt
sub-138	1	Amsterdam	3 T GE Signa HDxt
sub-139	1	Amsterdam	3 T GE Signa HDxt
sub-14	1	Utrecht	3 T Philips Achieva
sub-140	1	Amsterdam	3 T GE Signa HDxt
sub-141	1	Amsterdam	3 T GE Signa HDxt
sub-142	1	Amsterdam	3 T GE Signa HDxt
sub-143	1	Amsterdam	3 T GE Signa HDxt
sub-144	1	Amsterdam	3 T GE Signa HDxt
sub-145	1	Amsterdam	3 T GE Signa HDxt
sub-146	1	Amsterdam	3 T GE Signa HDxt
sub-147	1	Amsterdam	3 T GE Signa HDxt
sub-148	1	Amsterdam	3 T GE Signa HDxt
sub-149	1	Amsterdam	3 T GE Signa HDxt
sub-15	1	Utrecht	3 T Philips Achieva
sub-150	1	Amsterdam	1.5 T GE Signa HDxt
sub-151	1	Amsterdam	1.5 T GE Signa HDxt
sub-152	1	Amsterdam	1.5 T GE Signa HDxt
sub-153	1	Amsterdam	1.5 T GE Signa HDxt
sub-154	1	Amsterdam	1.5 T GE Signa HDxt
sub-155	1	Amsterdam	1.5 T GE Signa HDxt
sub-156	1	Amsterdam	1.5 T GE Signa HDxt
sub-157	1	Amsterdam	1.5 T GE Signa HDxt
sub-158	1	Amsterdam	1.5 T GE Signa HDxt
sub-159	1	Amsterdam	1.5 T GE Signa HDxt
sub-16	1	Utrecht	3 T Philips Achieva
sub-160	1	Amsterdam	3 T Philips Ingenuity
sub-161	1	Amsterdam	3 T Philips Ingenuity
sub-162	1	Amsterdam	3 T Philips Ingenuity
sub-163	1	Amsterdam	3 T Philips Ingenuity
sub-164	1	Amsterdam	3 T Philips Ingenuity
sub-165	1	Amsterdam	3 T Philips Ingenuity
sub-166	1	Amsterdam	3 T Philips Ingenuity
sub-167	1	Amsterdam	3 T Philips Ingenuity
sub-168	1	Amsterdam	3 T Philips Ingenuity
sub-169	1	Amsterdam	3 T Philips Ingenuity
sub-17	1	Utrecht	3 T Philips Achieva
sub-18	1	Utrecht	3 T Philips Achieva
sub-19	1	Utrecht	3 T Philips Achieva
sub-2	1	Utrecht	3 T Philips Achieva
sub-20	1	Utrecht	3 T Philips Achieva
sub-21	1	Utrecht	3 T Philips Achieva
sub-22	1	Utrecht	3 T Philips Achieva
sub-23	1	Utrecht	3 T Philips Achieva
sub-24	1	Utrecht	3 T Philips Achieva
sub-25	1	Utrecht	3 T Philips Achieva
sub-26	1	Utrecht	3 T Philips Achieva
sub-27	1	Utrecht	3 T Philips Achieva
sub-28	1	Utrecht	3 T Philips Achieva
sub-29	1	Utrecht	3 T Philips Achieva
sub-3	1	Utrecht	3 T Philips Achieva
sub-30	1	Utrecht	3 T Philips Achieva
sub-31	1	Utrecht	3 T Philips Achieva
sub-32	1	Utrecht	3 T Philips Achieva
sub-33	1	Utrecht	3 T Philips Achieva
sub-34	1	Utrecht	3 T Philips Achieva
sub-35	1	Utrecht	3 T Philips Achieva
sub-36	1	Utrecht	3 T Philips Achieva
sub-37	1	Utrecht	3 T Philips Achieva
sub-38	1	Utrecht	3 T Philips Achieva
sub-39	1	Utrecht	3 T Philips Achieva
sub-4	1	Utrecht	3 T Philips Achieva
sub-40	1	Utrecht	3 T Philips Achieva
sub-41	1	Utrecht	3 T Philips Achieva
sub-42	1	Utrecht	3 T Philips Achieva
sub-43	1	Utrecht	3 T Philips Achieva
sub-44	1	Utrecht	3 T Philips Achieva
sub-45	1	Utrecht	3 T Philips Achieva
sub-46	1	Utrecht	3 T Philips Achieva
sub-47	1	Utrecht	3 T Philips Achieva
sub-48	1	Utrecht	3 T Philips Achieva
sub-49	1	Utrecht	3 T Philips Achieva
sub-5	1	Utrecht	3 T Philips Achieva
sub-50	1	Singapore	3 T Siemens TrioTim
sub-51	1	Singapore	3 T Siemens TrioTim
sub-52	1	Singapore	3 T Siemens TrioTim
sub-53	1	Singapore	3 T Siemens TrioTim
sub-54	1	Singapore	3 T Siemens TrioTim
sub-55	1	Singapore	3 T Siemens TrioTim
sub-56	1	Singapore	3 T Siemens TrioTim
sub-57	1	Singapore	3 T Siemens TrioTim
sub-58	1	Singapore	3 T Siemens TrioTim
sub-59	1	Singapore	3 T Siemens TrioTim
sub-6	1	Utrecht	3 T Philips Achieva
sub-60	1	Singapore	3 T Siemens TrioTim
sub-61	1	Singapore	3 T Siemens TrioTim
sub-62	1	Singapore	3 T Siemens TrioTim
sub-63	1	Singapore	3 T Siemens TrioTim
sub-64	1	Singapore	3 T Siemens TrioTim
sub-65	1	Singapore	3 T Siemens TrioTim
sub-66	1	Singapore	3 T Siemens TrioTim
sub-67	1	Singapore	3 T Siemens TrioTim
sub-68	1	Singapore	3 T Siemens TrioTim
sub-69	1	Singapore	3 T Siemens TrioTim
sub-7	1	Utrecht	3 T Philips Achieva
sub-70	1	Singapore	3 T Siemens TrioTim
sub-71	1	Singapore	3 T Siemens TrioTim
sub-72	1	Singapore	3 T Siemens TrioTim
sub-73	1	Singapore	3 T Siemens TrioTim
sub-74	1	Singapore	3 T Siemens TrioTim
sub-75	1	Singapore	3 T Siemens TrioTim
sub-76	1	Singapore	3 T Siemens TrioTim
sub-77	1	Singapore	3 T Siemens TrioTim
sub-78	1	Singapore	3 T Siemens TrioTim
sub-79	1	Singapore	3 T Siemens TrioTim
sub-8	1	Utrecht	3 T Philips Achieva
sub-80	1	Singapore	3 T Siemens TrioTim
sub-81	1	Singapore	3 T Siemens TrioTim
sub-82	1	Singapore	3 T Siemens TrioTim
sub-83	1	Singapore	3 T Siemens TrioTim
sub-84	1	Singapore	3 T Siemens TrioTim
sub-85	1	Singapore	3 T Siemens TrioTim
sub-86	1	Singapore	3 T Siemens TrioTim
sub-87	1	Singapore	3 T Siemens TrioTim
sub-88	1	Singapore	3 T Siemens TrioTim
sub-89	1	Singapore	3 T Siemens TrioTim
sub-9	1	Utrecht	3 T Philips Achieva
sub-90	1	Singapore	3 T Siemens TrioTim
sub-91	1	Singapore	3 T Siemens TrioTim
sub-92	1	Singapore	3 T Siemens TrioTim
sub-93	1	Singapore	3 T Siemens TrioTim
sub-94	1	Singapore	3 T Siemens TrioTim
sub-95	1	Singapore	3 T Siemens TrioTim
sub-96	1	Singapore	3 T Siemens TrioTim
sub-97	1	Singapore	3 T Siemens TrioTim
sub-98	1	Singapore	3 T Siemens TrioTim
sub-99	1	Singapore	3 T Siemens TrioTim
