participant_id	split	official_split	rank	complete
sub-0	train	train	81	True
sub-1	train	test	94	True
sub-10	test	test	9	True
sub-100	train	train	11	True
sub-101	train	train	75	True
sub-102	train	train	86	True
sub-103	train	train	45	True
sub-104	train	train	69	True
sub-105	train	train	48	True
sub-106	train	train	1	True
sub-107	test	train	14	True
sub-108	train	train	55	True
sub-109	val	train	24	True
sub-11	train	train	54	True
sub-110	train	train	72	True
sub-111	train	test	96	True
sub-112	test	train	18	True
sub-113	test	train	25	True
sub-114	val	train	4	True
sub-115	val	train	27	True
sub-116	train	train	58	True
sub-117	train	test	4	True
sub-118	train	test	7	True
sub-119	train	test	65	True
sub-12	train	test	88	True
sub-120	train	test	79	True
sub-121	train	test	14	True
sub-122	val	test	16	True
sub-123	train	test	28	True
sub-124	train	test	21	True
sub-125	val	test	13	True
sub-126	val	train	30	True
sub-127	train	test	35	True
sub-128	train	test	89	True
sub-129	val	test	33	True
sub-13	train	test	71	True
sub-130	train	test	18	True
sub-131	test	test	31	True
sub-132	val	train	21	True
sub-133	train	test	31	True
sub-134	train	test	62	True
sub-135	train	test	52	True
sub-136	val	test	10	True
sub-137	train	train	24	True
sub-138	test	test	11	True
sub-139	test	test	8	True
sub-14	test	test	2	True
sub-140	test	test	28	True
sub-141	train	test	99	True
sub-142	train	test	38	True
sub-143	train	test	41	True
sub-144	train	train	82	True
sub-145	test	test	1	True
sub-146	test	test	21	True
sub-147	val	test	7	True
sub-148	train	test	92	True
sub-149	test	test	4	True
sub-15	train	test	23	True
sub-150	val	test	3	True
sub-151	test	test	15	True
sub-152	train	test	78	True
sub-153	train	test	95	True
sub-154	train	test	44	True
sub-155	train	test	27	True
sub-156	train	test	61	True
sub-157	train	test	10	True
sub-158	test	test	32	True
sub-159	val	test	20	True
sub-16	val	test	22	True
sub-160	test	test	6	True
sub-161	train	test	85	True
sub-162	train	test	17	True
sub-163	train	test	68	True
sub-164	val	test	18	True
sub-165	test	test	23	True
sub-166	train	test	34	True
sub-167	train	test	51	True
sub-168	train	test	0	True
sub-169	val	test	1	True
sub-17	test	train	29	True
sub-18	val	test	25	True
sub-19	train	train	84	True
sub-2	train	train	6	True
sub-20	train	test	26	True
sub-21	val	train	28	True
sub-22	train	test	16	True
sub-23	train	train	33	True
sub-24	train	test	50	True
sub-25	test	train	33	True
sub-26	test	test	16	True
sub-27	val	train	31	True
sub-28	train	test	9	True
sub-29	test	train	19	True
sub-3	val	test	8	True
sub-30	train	test	77	True
sub-31	val	train	0	True
sub-32	val	test	14	True
sub-33	val	train	11	True
sub-34	train	test	57	True
sub-35	train	train	43	True
sub-36	train	test	47	True
sub-37	train	train	37	True
sub-38	val	test	17	True
sub-39	train	train	101	True
sub-4	train	train	91	True
sub-40	train	test	3	True
sub-41	train	train	74	True
sub-42	train	test	64	True
sub-43	train	test	67	True
sub-44	train	test	13	True
sub-45	test	test	12	True
sub-46	val	test	5	True
sub-47	train	test	40	True
sub-48	train	test	60	True
sub-49	test	train	22	True
sub-5	train	test	30	True
sub-50	train	train	70	True
sub-51	train	train	90	True
sub-52	test	train	10	True
sub-53	test	train	27	True
sub-54	train	train	59	True
sub-55	train	train	8	True
sub-56	train	train	56	True
sub-57	train	train	87	True
sub-58	train	train	80	True
sub-59	test	train	7	True
sub-6	test	train	26	True
sub-60	val	train	23	True
sub-61	val	train	2	True
sub-62	train	train	42	True
sub-63	train	train	5	True
sub-64	val	train	19	True
sub-65	train	train	83	True
sub-66	val	train	15	True
sub-67	train	train	66	True
sub-68	test	train	0	True
sub-69	val	train	12	True
sub-7	train	test	98	True
sub-70	train	test	93	True
sub-71	train	test	2	True
sub-72	val	test	29	True
sub-73	test	test	30	True
sub-74	train	test	76	True
sub-75	train	test	19	True
sub-76	test	test	24	True
sub-77	train	test	22	True
sub-78	test	test	17	True
sub-79	train	test	73	True
sub-8	test	train	5	True
sub-80	train	test	97	True
sub-81	val	test	26	True
sub-82	test	test	20	True
sub-83	train	test	49	True
sub-84	train	test	12	True
sub-85	test	test	3	True
sub-86	val	test	9	True
sub-87	train	test	63	True
sub-88	train	test	15	True
sub-89	train	test	39	True
sub-9	train	test	20	True
sub-90	train	test	29	True
sub-91	val	test	32	True
sub-92	val	test	6	True
sub-93	train	test	53	True
sub-94	train	test	25	True
sub-95	train	test	100	True
sub-96	train	test	36	True
sub-97	train	test	32	True
sub-98	test	test	13	True
sub-99	train	test	46	True
